,race_code,race_url,Date:,Start time:,Avg. speed winner:,Race category:,Distance:,Points scale:,UCI scale:,Parcours type:,ProfileScore:,Vert. meters:,Departure:,Arrival:,Race ranking:,Startlist quality score:,Won how:,Avg. temperature:
89,omloop-het-nieuwsblad/2022,https://www.procyclingstats.com/race/omloop-het-nieuwsblad/2022,26-Feb-22,11:15,42.137 km/h,ME - Men Elite,204.2 km,1.WT.B,UCI.WR.C3,,49,1666,Ghent,Ninove,23,749,13 km solo,
90,strade-bianche/2022,https://www.procyclingstats.com/race/strade-bianche/2022,05-Mar-22,11:45,38.358 km/h,ME - Men Elite,184 km,1.WT.B,UCI.WR.C3,,167,3107,Siena,Siena,27,662,49.2 km solo,
93,milano-sanremo/2022,https://www.procyclingstats.com/race/milano-sanremo/2022,19-Mar-22,10:10,45.331 km/h,ME - Men Elite,293 km,1.WT.A,UCI.WR.C1,,63,2096,Milano,Sanremo,13,936,4.3 km solo,
95,oxyclean-classic-brugge-de-panne/2022,https://www.procyclingstats.com/race/oxyclean-classic-brugge-de-panne/2022,23-Mar-22,12:15,43.664 km/h,ME - Men Elite,207.9 km,1.WT.B,UCI.WR.C3,,0,246,Brugge,De Panne,39,459,Sprint of large group,
96,e3-harelbeke/2022,https://www.procyclingstats.com/race/e3-harelbeke/2022,25-Mar-22,12:22,43.997 km/h,ME - Men Elite,203.9 km,1.WT.B,UCI.WR.C2,,59,2010,Harelbeke,Harelbeke,29,636,Other,16 °C
97,gent-wevelgem/2022,https://www.procyclingstats.com/race/gent-wevelgem/2022,27-Mar-22,11:10,44.172 km/h,ME - Men Elite,248.8 km,1.WT.B,UCI.WR.C1,,35,1377,Ypres,Wevelgem,16,838,Sprint of small group,13 °C
98,dwars-door-vlaanderen/2022,https://www.procyclingstats.com/race/dwars-door-vlaanderen/2022,30-Mar-22,12:55,44.869 km/h,ME - Men Elite,183.7 km,1.WT.B,UCI.WR.C3,,50,1649,Roeselare,Waregem,27,647,Sprint a deux,28 °C
99,ronde-van-vlaanderen/2022,https://www.procyclingstats.com/race/ronde-van-vlaanderen/2022,03-Apr-22,10:18,43.197 km/h,ME - Men Elite,272.5 km,1.WT.A,UCI.WR.C1,,79,2289,Antwerp,Oudenaarde,18,759,Sprint of small group,28 °C
101,amstel-gold-race/2022,https://www.procyclingstats.com/race/amstel-gold-race/2022,10-Apr-22,10:26,42.196 km/h,ME - Men Elite,254.1 km,1.WT.B,UCI.WR.C1,,112,3460,Maastricht,Valkenburg,22,702,Sprint a deux,10 °C
102,paris-roubaix/2022,https://www.procyclingstats.com/race/paris-roubaix/2022,17-Apr-22,11:15,45.792 km/h,ME - Men Elite,257.2 km,1.WT.A,UCI.WR.C1,,5,1362,Compiègne,Roubaix,16,752,19.5 km solo,17 °C
103,la-fleche-wallone/2022,https://www.procyclingstats.com/race/la-fleche-wallone/2022,20-Apr-22,11:30,42.97 km/h,ME - Men Elite,202.1 km,1.WT.B,UCI.WR.C2,,173,3160,Blegny,Mur de Huy,9,974,Sprint a deux,14 °C
104,liege-bastogne-liege/2022,https://www.procyclingstats.com/race/liege-bastogne-liege/2022,24-Apr-22,10:20,41.413 km/h,ME - Men Elite,257.2 km,1.WT.A,UCI.WR.C1,,182,4342,Liège,Liège,5,1101,14.4 km solo,14 °C
106,eschborn-frankfurt/2022,https://www.procyclingstats.com/race/eschborn-frankfurt/2022,01-May-22,12:21,41.439 km/h,ME - Men Elite,185 km,1.WT.B,UCI.WR.C3,,89,2654,Eschborn,Frankfurt-am-Main,64,309,Sprint of large group,15 °C
111,san-sebastian/2022,https://www.procyclingstats.com/race/san-sebastian/2022,30-Jul-22,11:52,40.659 km/h,ME - Men Elite,224.8 km,1.WT.B,UCI.WR.C2,,231,4147,San Sebastián,San Sebastián,20,724,44.5 km solo,23 °C
114,cyclassics-hamburg/2022,https://www.procyclingstats.com/race/cyclassics-hamburg/2022,21-Aug-22,11:25,44.278 km/h,ME - Men Elite,204.7 km,1.WT.B,UCI.WR.C2,,30,892,Hamburg,Hamburg,27,651,Sprint of small group,24 °C
115,bretagne-classic/2022,https://www.procyclingstats.com/race/bretagne-classic/2022,28-Aug-22,10:50,41.958 km/h,ME - Men Elite,254.8 km,1.WT.B,UCI.WR.C2,,95,3116,Plouay,Plouay,12,812,Sprint of small group,25 °C
116,gp-quebec/2022,https://www.procyclingstats.com/race/gp-quebec/2022,09-Sep-22,11:00  (17:00 CET),42.156 km/h,ME - Men Elite,201.6 km,1.WT.B,UCI.WR.C1,,60,2508,Québec,Québec,10,866,2.1 km solo,18 °C
117,gp-montreal/2022,https://www.procyclingstats.com/race/gp-montreal/2022,11-Sep-22,10:15  (16:15 CET),36.938 km/h,ME - Men Elite,221.4 km,1.WT.B,UCI.WR.C1,,182,4124,Montréal,Montréal,11,864,Sprint of small group,22 °C
118,il-lombardia/2022,https://www.procyclingstats.com/race/il-lombardia/2022,08-Oct-22,10:10,39.804 km/h,ME - Men Elite,253 km,1.WT.A,UCI.WR.C1,,278,4852,Bergamo,Como,6,1019,Sprint a deux,20 °C
134,world-championships-itt-u23/2022,https://www.procyclingstats.com/race/world-championships-itt-u23/2022,19-Sep-22,13:23  (05:23 CET),50.502 km/h,MU - Men U23,28.8 km,UCI.WO.u23.TT,UCI.WR.WO.U23.TT,,18,306,Wollongong,Wollongong,242,19,Time Trial,
135,world-championship-itt/2022,https://www.procyclingstats.com/race/world-championship-itt/2022,18-Sep-22,13:42  (05:42 CET),51.257 km/h,ME - Men Elite,34.2 km,Worlds.TT,UCI.WR.WO.TT - TM2022,,17,324,Wollongong,Wollongong,66,324,Time Trial,
136,world-championships-u23/2022,https://www.procyclingstats.com/race/world-championships-u23/2022,23-Sep-22,13:00  (05:00 CET),42.963 km/h,MU - Men U23,169.8 km,Nationals.C1,UCI.WR.WO.U23,,116,2486,Wollongong,Wollongong,161,90,Sprint a deux,
137,world-championship/2022,https://www.procyclingstats.com/race/world-championship/2022,25-Sep-22,10:15  (02:15 CET),42.575 km/h,ME - Men Elite,266.9 km,Worlds.RR,UCI.WR.WO - TM2022,,160,4167,Helensburgh,Wollongong,6,1053,25.8 km solo,
191,trofeo-calvia/2022,https://www.procyclingstats.com/race/trofeo-calvia/2022,26-Jan-22,12:00,39.063 km/h,ME - Men Elite,154.7 km,1.1,UCI.WR.1,,154,3211,Peguera,Palmanova,62,305,60 km solo,
192,trofeo-alcudia/2022,https://www.procyclingstats.com/race/trofeo-alcudia/2022,27-Jan-22,12:00,45.026 km/h,ME - Men Elite,173.2 km,1.1,UCI.WR.1,,62,1653,Port d'Alcudia,Port d'Alcudia,74,272,Sprint of large group,
193,deia-trophy/2022,https://www.procyclingstats.com/race/deia-trophy/2022,28-Jan-22,12:00,37.753 km/h,ME - Men Elite,158.9 km,1.1,UCI.WR.1,,170,3217,Lloseta,Lloseta,58,352,Sprint of small group,
194,trofeo-andratx-mirador-d-es-colomer/2022,https://www.procyclingstats.com/race/trofeo-andratx-mirador-d-es-colomer/2022,29-Jan-22,12:00,40.05 km/h,ME - Men Elite,170.1 km,1.1,UCI.WR.1,,207,3429,Pollença,Andratx,55,366,Sprint a deux,
195,gp-d-ouverture/2022,https://www.procyclingstats.com/race/gp-d-ouverture/2022,30-Jan-22,12:30,38.564 km/h,ME - Men Elite,174.3 km,1.1,UCI.WR.1,,120,2921,Château-Gombert,Marseille,63,325,Sprint of large group,
196,trofeo-palma/2022,https://www.procyclingstats.com/race/trofeo-palma/2022,30-Jan-22,10:00,43.288 km/h,ME - Men Elite,169.1 km,1.1,UCI.WR.1,,35,1552,S'Arenal,Palma,67,303,Sprint of large group,
197,vuelta-ciclista-a-la-region-de-murcia/2022,https://www.procyclingstats.com/race/vuelta-ciclista-a-la-region-de-murcia/2022,12-Feb-22,13:25,39.995 km/h,ME - Men Elite,183.2 km,1.1,UCI.WR.1,,94,2331,Fortuna,Puerto de Cartagena,101,197,5 km solo,
198,clasica-jaen-paraiso-interior/2022,https://www.procyclingstats.com/race/clasica-jaen-paraiso-interior/2022,14-Feb-22,12:42,38.963 km/h,ME - Men Elite,187.8 km,1.1,UCI.WR.1,,185,3094,Baeza,Úbeda,115,166,25.1 km solo,
199,gp-samyn/2022,https://www.procyclingstats.com/race/gp-samyn/2022,01-Mar-22,12:25,43.319 km/h,ME - Men Elite,209 km,1.1,UCI.WR.1,,10,1541,Quaregnon,Dour,71,298,Sprint of small group,
200,grote-prijs-jean-pierre-monsere/2022,https://www.procyclingstats.com/race/grote-prijs-jean-pierre-monsere/2022,06-Mar-22,10:20,42.771 km/h,ME - Men Elite,203.2 km,1.1,UCI.WR.1,,1,650,Hooglede,Roeselare,147,112,Sprint of large group,
201,ronde-van-drenthe/2022,https://www.procyclingstats.com/race/ronde-van-drenthe/2022,13-Mar-22,10:30,38.493 km/h,ME - Men Elite,198.1 km,1.1,UCI.WR.1,,9,421,Assen,Hoogeveen,156,87,3.3 km solo,
202,classic-loire-atlantique/2022,https://www.procyclingstats.com/race/classic-loire-atlantique/2022,19-Mar-22,12:30,42.802 km/h,ME - Men Elite,182.8 km,1.1,UCI.WR.1,,83,2452,La Haye-Fouassière,La Haye-Fouassière,153,98,Sprint of small group,
203,cholet-pays-de-loire/2022,https://www.procyclingstats.com/race/cholet-pays-de-loire/2022,20-Mar-22,12:00,42.576 km/h,ME - Men Elite,202 km,1.1,UCI.WR.1,,41,1714,Cholet,Cholet,157,83,Sprint of large group,
204,per-sempre-alfredo/2022,https://www.procyclingstats.com/race/per-sempre-alfredo/2022,20-Mar-22,13:00,39.305 km/h,ME - Men Elite,172.7 km,1.1,UCI.WR.1,,136,2976,Firenze,Sesto Fiorentino,158,82,8.5 km solo,
205,la-roue-tourangelle/2022,https://www.procyclingstats.com/race/la-roue-tourangelle/2022,27-Mar-22,13:30,43.433 km/h,ME - Men Elite,202 km,1.1,UCI.WR.1,,30,1525,Château-Renault,Tours,141,122,Sprint of large group,28 °C
206,route-adelie-de-vitre/2022,https://www.procyclingstats.com/race/route-adelie-de-vitre/2022,01-Apr-22,12:00,39.76 km/h,ME - Men Elite,176.7 km,1.1,UCI.WR.1,,68,2578,Vitré,Vitré,134,130,Sprint of small group,28 °C
207,volta-limburg-classic/2022,https://www.procyclingstats.com/race/volta-limburg-classic/2022,02-Apr-22,12:03,38.436 km/h,ME - Men Elite,195 km,1.1,UCI.WR.1,,90,2878,Eijsden,Eijsden,153,94,Sprint of small group,28 °C
208,paris-camembert/2022,https://www.procyclingstats.com/race/paris-camembert/2022,12-Apr-22,11:05,41.113 km/h,ME - Men Elite,213.8 km,1.1,UCI.WR.1,,105,2779,Pont-Audemer,Livarot,147,108,2 km solo,17 °C
209,classic-grand-besancon-doubs/2022,https://www.procyclingstats.com/race/classic-grand-besancon-doubs/2022,15-Apr-22,12:15,40.05 km/h,ME - Men Elite,177.5 km,1.1,UCI.WR.1,,187,2786,Besançon,Montfaucon,126,145,0.4 km solo,21 °C
210,tour-du-jura-cycliste/2022,https://www.procyclingstats.com/race/tour-du-jura-cycliste/2022,16-Apr-22,10:15,41.666 km/h,ME - Men Elite,169.8 km,1.1,UCI.WR.1,,129,2617,Champagnole,Nozeroy,127,142,Sprint a deux,16 °C
211,tour-du-finistere/2022,https://www.procyclingstats.com/race/tour-du-finistere/2022,21-May-22,12:00,41.466 km/h,ME - Men Elite,193.3 km,1.1,UCI.WR.1,,115,2860,Saint-Evarzec,Quimper,134,137,Sprint a deux,21 °C
212,veenendaal-veenendaal/2022,https://www.procyclingstats.com/race/veenendaal-veenendaal/2022,21-May-22,12:21,43.548 km/h,ME - Men Elite,197.9 km,1.1,UCI.WR.1,,18,1020,Veenendaal,Veenendaal,143,117,Sprint of large group,18 °C
213,antwerp-port-epic/2022,https://www.procyclingstats.com/race/antwerp-port-epic/2022,22-May-22,12:44,42.29 km/h,ME - Men Elite,181.4 km,1.1,UCI.WR.1,,0,186,Antwerpen,Antwerpen,175,61,2.5 km solo,22 °C
214,boucles-de-l-aulne/2022,https://www.procyclingstats.com/race/boucles-de-l-aulne/2022,22-May-22,13:00,43.438 km/h,ME - Men Elite,175.2 km,1.1,UCI.WR.1,,86,2848,Châteaulin,Châteaulin,137,133,19.7 km solo,20 °C
215,rund-um-koln/2022,https://www.procyclingstats.com/race/rund-um-koln/2022,22-May-22,10:58,44.561 km/h,ME - Men Elite,199.3 km,1.1,UCI.WR.1,,88,2875,Köln,Köln,104,199,5 km solo,20 °C
216,circuit-de-wallonie/2022,https://www.procyclingstats.com/race/circuit-de-wallonie/2022,26-May-22,13:25,43.906 km/h,ME - Men Elite,192.2 km,1.1,UCI.WR.1,,58,2030,Charleroi,Mont-sur-Marchienne,139,130,Sprint a deux,18 °C
217,grote-prijs-marcel-kint/2022,https://www.procyclingstats.com/race/grote-prijs-marcel-kint/2022,29-May-22,12:30,42.824 km/h,ME - Men Elite,199 km,1.1,UCI.WR.1,,40,1599,Kortrijk,Zwevegem,129,143,Sprint of large group,14 °C
218,mercan-tour-classic-alpes-maritimes/2022,https://www.procyclingstats.com/race/mercan-tour-classic-alpes-maritimes/2022,31-May-22,11:02,34.67 km/h,ME - Men Elite,167.9 km,1.1,UCI.WR.1,,350,4739,Puget-Théniers,Col de Valberg,87,247,6.6 km solo,19 °C
219,giro-del-appennino/2022,https://www.procyclingstats.com/race/giro-del-appennino/2022,02-Jun-22,11:00,38.793 km/h,ME - Men Elite,191.7 km,1.1,UCI.WR.1,,180,3054,Pasturana,Genoa,157,92,7.1 km solo,25 °C
220,heist-op-den-berg/2022,https://www.procyclingstats.com/race/heist-op-den-berg/2022,04-Jun-22,13:00,46.476 km/h,ME - Men Elite,192.8 km,1.1,UCI.WR.1,,5,572,Vosselaar,Heist-op-den-Berg,102,210,Sprint of small group,23 °C
221,ronde-van-limburg/2022,https://www.procyclingstats.com/race/ronde-van-limburg/2022,06-Jun-22,13:44,43.265 km/h,ME - Men Elite,202.6 km,1.1,UCI.WR.1,,32,1651,Hasselt,Tongeren,65,312,Sprint of small group,20 °C
222,gp-du-canton-d-argovie/2022,https://www.procyclingstats.com/race/gp-du-canton-d-argovie/2022,10-Jun-22,13:30,41.042 km/h,ME - Men Elite,173.8 km,1.1,UCI.WR.1,,136,2902,Leuggern,Leuggern,60,338,Sprint of small group,22 °C
223,circuit-des-xi-villes/2022,https://www.procyclingstats.com/race/circuit-des-xi-villes/2022,12-Jun-22,14:00,44.588 km/h,ME - Men Elite,192.3 km,1.1,UCI.WR.1,,0,268,Bruges,Bruges,87,250,Sprint of large group,20 °C
224,mont-ventoux-denivele-challenge/2022,https://www.procyclingstats.com/race/mont-ventoux-denivele-challenge/2022,14-Jun-22,11:05,33.898 km/h,ME - Men Elite,154 km,1.1,UCI.WR.1,,394,4521,Vaison-la-Romaine,Mont Ventoux,84,260,11.5 km solo,26 °C
225,prueba-villafranca/2022,https://www.procyclingstats.com/race/prueba-villafranca/2022,25-Jul-22,10:00,42.697 km/h,ME - Men Elite,165.7 km,1.1,UCI.WR.1,,126,2391,Ordizia,Ordizia,126,151,11.5 km solo,23 °C
226,circuito-de-getxo/2022,https://www.procyclingstats.com/race/circuito-de-getxo/2022,31-Jul-22,12:12,42.331 km/h,ME - Men Elite,196.5 km,1.1,UCI.WR.1,,121,2378,Bilbao,Getxo,79,276,Sprint of small group,25 °C
227,gp-jef-scherens/2022,https://www.procyclingstats.com/race/gp-jef-scherens/2022,07-Aug-22,12:30,42.896 km/h,ME - Men Elite,199.3 km,1.1,UCI.WR.1,,41,1911,Leuven,Leuven,82,265,Sprint a deux,24 °C
228,la-poly-normande/2022,https://www.procyclingstats.com/race/la-poly-normande/2022,14-Aug-22,13:00,44.506 km/h,ME - Men Elite,168.9 km,1.1,UCI.WR.1,,59,2156,Avranches,Saint-Martin-de-Landelles,98,229,Sprint of small group,20 °C
229,schaal-schels/2022,https://www.procyclingstats.com/race/schaal-schels/2022,21-Aug-22,14:30,47.402 km/h,ME - Men Elite,114.7 km,1.1,UCI.WR.1,,0,101,Merksem,Merksem,157,93,Sprint of large group,24 °C
230,gp-stad-zottegem/2022,https://www.procyclingstats.com/race/gp-stad-zottegem/2022,23-Aug-22,12:17,43.556 km/h,ME - Men Elite,198 km,1.1,UCI.WR.1,,13,1431,Zottegem,Zottegem,77,293,Sprint of large group,26 °C
231,druivenkoers-overijse/2022,https://www.procyclingstats.com/race/druivenkoers-overijse/2022,24-Aug-22,12:30,43.532 km/h,ME - Men Elite,192 km,1.1,UCI.WR.1,,51,1629,Overijse,Overijse,53,389,? km solo,30 °C
232,tour-du-doubs/2022,https://www.procyclingstats.com/race/tour-du-doubs/2022,04-Sep-22,11:35,41.758 km/h,ME - Men Elite,204 km,1.1,UCI.WR.1,,104,2974,Morteau,Pontarlier,66,314,Sprint of small group,23 °C
233,giro-di-toscana/2022,https://www.procyclingstats.com/race/giro-di-toscana/2022,14-Sep-22,11:30,40.722 km/h,ME - Men Elite,199.2 km,1.1,UCI.WR.1,,129,2298,Pontedera,Pontedera,100,227,Sprint of small group,27 °C
234,kampioenschap-van-vlaanderen/2022,https://www.procyclingstats.com/race/kampioenschap-van-vlaanderen/2022,16-Sep-22,13:00,44.558 km/h,ME - Men Elite,195.3 km,1.1,UCI.WR.1,,0,697,Koolskamp,Koolskamp,102,226,Sprint of large group,14 °C
235,gooikse-pijl/2022,https://www.procyclingstats.com/race/gooikse-pijl/2022,18-Sep-22,12:00,42.755 km/h,ME - Men Elite,199 km,1.1,UCI.WR.1,,21,1893,Halle,Gooik,76,301,Sprint of large group,15 °C
236,gp-d-isbergues/2022,https://www.procyclingstats.com/race/gp-d-isbergues/2022,18-Sep-22,11:55,43.498 km/h,ME - Men Elite,197.6 km,1.1,UCI.WR.1,,12,1150,Isbergues,Isbergues,97,237,Sprint of large group,16 °C
237,omloop-van-het-houtland-lichtervelde/2022,https://www.procyclingstats.com/race/omloop-van-het-houtland-lichtervelde/2022,21-Sep-22,12:40,44.535 km/h,ME - Men Elite,196.4 km,1.1,UCI.WR.1,,0,399,Eernegem,Lichtervelde,82,289,Sprint of large group,18 °C
238,paris-chauny-classique/2022,https://www.procyclingstats.com/race/paris-chauny-classique/2022,25-Sep-22,12:30,43.952 km/h,ME - Men Elite,203.5 km,1.1,UCI.WR.1,,67,2225,Margny-lès-Compiègne,Chauny,57,364,Sprint of large group,18 °C
239,coppa-agostoni/2022,https://www.procyclingstats.com/race/coppa-agostoni/2022,29-Sep-22,11:30,38.933 km/h,ME - Men Elite,193 km,1.1,UCI.WR.1,,121,3189,Lissone,Lissone,60,358,Sprint of small group,17 °C
240,famenne-ardenne-classic/2022,https://www.procyclingstats.com/race/famenne-ardenne-classic/2022,02-Oct-22,12:15,42.369 km/h,ME - Men Elite,188 km,1.1,UCI.WR.1,,100,2873,Marche-en-Famenne,Marche-en-Famenne,81,297,Sprint of small group,12 °C
241,tour-de-vendee/2022,https://www.procyclingstats.com/race/tour-de-vendee/2022,02-Oct-22,12:40,43.499 km/h,ME - Men Elite,206.9 km,1.1,UCI.WR.1,,40,1917,La Roche-sur-Yon,La Roche-sur-Yon,128,162,Sprint of large group,19 °C
242,memorial-frank-vandenbroucke/2022,https://www.procyclingstats.com/race/memorial-frank-vandenbroucke/2022,04-Oct-22,12:15,44.752 km/h,ME - Men Elite,198.6 km,1.1,UCI.WR.1,,30,1977,Binche,Binche,36,484,0.7 km solo,17 °C
243,paris-bourges/2022,https://www.procyclingstats.com/race/paris-bourges/2022,06-Oct-22,12:40,45.786 km/h,ME - Men Elite,198 km,1.1,UCI.WR.1,,55,1988,Gien,Bourges,37,469,Sprint of large group,17 °C
244,memorial-rik-van-steenbergen/2022,https://www.procyclingstats.com/race/memorial-rik-van-steenbergen/2022,09-Oct-22,13:00,47.195 km/h,ME - Men Elite,174.7 km,1.1,UCI.WR.1,,0,232,Beerse,Arendonk,146,120,Sprint of large group,17 °C
245,giro-del-veneto/2022,https://www.procyclingstats.com/race/giro-del-veneto/2022,12-Oct-22,12:25,44.002 km/h,ME - Men Elite,159.8 km,1.1,UCI.WR.1,,65,1530,Padova,Vicenza,115,201,Sprint a deux,22 °C
246,chrono-des-nations/2022,https://www.procyclingstats.com/race/chrono-des-nations/2022,16-Oct-22,15:20,50.965 km/h,ME - Men Elite,45.43 km,1.1,UCI.WR.1,,6,333,Les Herbiers,Les Herbiers,158,98,? - let us know!,
247,veneto-classic/2022,https://www.procyclingstats.com/race/veneto-classic/2022,16-Oct-22,11:40,40.729 km/h,ME - Men Elite,190 km,1.1,UCI.WR.1,,130,2533,Treviso,Bassano del Grappa,129,159,? km solo,21 °C
414,clasica-de-almeria/2022,https://www.procyclingstats.com/race/clasica-de-almeria/2022,13-Feb-22,13:00,42.993 km/h,ME - Men Elite,188.2 km,1.PRO,UCI.WR.Pro,,30,1751,El Ejido,Roquetas de Mar,90,224,Sprint of large group,
417,faun-ardeche-classic/2022,https://www.procyclingstats.com/race/faun-ardeche-classic/2022,26-Feb-22,11:29,37.944 km/h,ME - Men Elite,168.5 km,1.PRO,UCI.WR.Pro,,216,3161,Guilherand-Granges,Guilherand-Granges,41,453,24.2 km solo,
418,la-drome-classic/2022,https://www.procyclingstats.com/race/la-drome-classic/2022,27-Feb-22,11:11,41.468 km/h,ME - Men Elite,191.5 km,1.PRO,UCI.WR.Pro,,127,2371,Étoile-sur-Rhône,Étoile-sur-Rhône,40,464,0.5 km solo,
419,kuurne-brussel-kuurne/2022,https://www.procyclingstats.com/race/kuurne-brussel-kuurne/2022,27-Feb-22,12:15,43.003 km/h,ME - Men Elite,195.1 km,1.PRO,UCI.WR.Pro,,45,1829,Kuurne,Kuurne,24,718,Sprint of large group,
420,trofeo-laigueglia/2022,https://www.procyclingstats.com/race/trofeo-laigueglia/2022,02-Mar-22,11:00,40.077 km/h,ME - Men Elite,202 km,1.PRO,UCI.WR.Pro,,151,2973,Laigueglia,Laigueglia,64,320,0.5 km solo,
421,nokere-koers/2022,https://www.procyclingstats.com/race/nokere-koers/2022,16-Mar-22,12:40,43.789 km/h,ME - Men Elite,189.8 km,1.PRO,UCI.WR.Pro,,14,1127,Deinze,Nokere,88,229,Sprint of large group,
422,milano-torino/2022,https://www.procyclingstats.com/race/milano-torino/2022,16-Mar-22,11:45,44 km/h,ME - Men Elite,199 km,1.PRO,UCI.WR.Pro,,21,1166,Magenta,Rivoli,49,405,Sprint of large group,
423,gp-de-denain/2022,https://www.procyclingstats.com/race/gp-de-denain/2022,17-Mar-22,11:08,42.557 km/h,ME - Men Elite,200.3 km,1.PRO,UCI.WR.Pro,,8,1208,Denain,Denain,84,252,Sprint of large group,
424,bredene-koksijde-classic/2022,https://www.procyclingstats.com/race/bredene-koksijde-classic/2022,18-Mar-22,12:17,44.727 km/h,ME - Men Elite,200.9 km,1.PRO,UCI.WR.Pro,,10,696,Bredene,Koksijde,87,230,Sprint of large group,
425,gp-industria-artigianato/2022,https://www.procyclingstats.com/race/gp-industria-artigianato/2022,27-Mar-22,11:30,42.527 km/h,ME - Men Elite,192.2 km,1.PRO,UCI.WR.Pro,,93,2259,Larciano,Larciano,134,133,Sprint of small group,22 °C
426,gp-miguel-indurain/2022,https://www.procyclingstats.com/race/gp-miguel-indurain/2022,02-Apr-22,12:25,38.279 km/h,ME - Men Elite,190 km,1.PRO,UCI.WR.Pro,,114,2878,Estella-Lizarra,Estella-Lizarra,54,372,Sprint of small group,28 °C
427,scheldeprijs/2022,https://www.procyclingstats.com/race/scheldeprijs/2022,06-Apr-22,12:59,48.457 km/h,ME - Men Elite,198.7 km,1.PRO,UCI.WR.Pro,,1,385,Terneuzen,Schoten,62,331,7.4 km solo,11 °C
429,brabantse-pijl/2022,https://www.procyclingstats.com/race/brabantse-pijl/2022,13-Apr-22,12:37,41.95 km/h,ME - Men Elite,205.1 km,1.PRO,UCI.WR.Pro,,71,2034,Leuven,Overijse,34,534,3.7 km solo,14 °C
432,gp-de-plumelec/2022,https://www.procyclingstats.com/race/gp-de-plumelec/2022,14-May-22,12:35,41.983 km/h,ME - Men Elite,185.4 km,1.PRO,UCI.WR.Pro,,80,2471,Grand-Champ,Grand-Champ,108,193,0.4 km solo,23 °C
433,tro-bro-leon/2022,https://www.procyclingstats.com/race/tro-bro-leon/2022,15-May-22,11:40,40.579 km/h,ME - Men Elite,207.8 km,1.PRO,UCI.WR.Pro,,38,1674,Lannilis,Lannilis,85,247,Sprint a deux,19 °C
436,brussels-cycling-classic/2022,https://www.procyclingstats.com/race/brussels-cycling-classic/2022,05-Jun-22,12:31,42.919 km/h,ME - Men Elite,203.9 km,1.PRO,UCI.WR.Pro,,33,1850,Brussels,Brussels,56,362,Sprint a deux,18 °C
438,dwars-door-het-hageland/2022,https://www.procyclingstats.com/race/dwars-door-het-hageland/2022,11-Jun-22,11:20,42.999 km/h,ME - Men Elite,177 km,1.PRO,UCI.WR.Pro,,24,1065,Aarschot,Diest,91,234,11.8 km solo,22 °C
443,circuit-franco-belge/2022,https://www.procyclingstats.com/race/circuit-franco-belge/2022,10-Aug-22,13:05,41.678 km/h,ME - Men Elite,175.2 km,1.PRO,UCI.WR.Pro,,78,2007,Tournai,La Louvière,60,344,Sprint of small group,30 °C
447,maryland-cycling-classic/2022,https://www.procyclingstats.com/race/maryland-cycling-classic/2022,04-Sep-22,13:31  (19:31 CET),42.999 km/h,ME - Men Elite,196.9 km,1.PRO,UCI.WR.Pro,,38,2286,Sparks,Baltimore,144,118,Sprint of small group,26 °C
449,gp-de-fourmies/2022,https://www.procyclingstats.com/race/gp-de-fourmies/2022,11-Sep-22,12:20,44.385 km/h,ME - Men Elite,197.6 km,1.PRO,UCI.WR.Pro,,47,2111,Fourmies,Fourmies,55,371,Sprint of small group,21 °C
451,gp-de-wallonie/2022,https://www.procyclingstats.com/race/gp-de-wallonie/2022,14-Sep-22,12:43,40.557 km/h,ME - Men Elite,199.7 km,1.PRO,UCI.WR.Pro,,93,2754,Blegny,Citadelle de Namur,59,362,Sprint of large group,18 °C
452,gp-citta-di-peccioli/2022,https://www.procyclingstats.com/race/gp-citta-di-peccioli/2022,15-Sep-22,11:30,40.37 km/h,ME - Men Elite,198.9 km,1.PRO,UCI.WR.Pro,,113,2519,Peccioli,Peccioli,68,319,Sprint of small group,26 °C
453,gp-impanis-van-petegem/2022,https://www.procyclingstats.com/race/gp-impanis-van-petegem/2022,17-Sep-22,12:55,42.175 km/h,ME - Men Elite,199.3 km,1.PRO,UCI.WR.Pro,,51,1937,Brakel,Haacht,43,442,Sprint of small group,13 °C
454,giro-dell-emilia/2022,https://www.procyclingstats.com/race/giro-dell-emilia/2022,01-Oct-22,11:20,40.343 km/h,ME - Men Elite,198.7 km,1.PRO,UCI.WR.Pro,,266,3021,Carpi,San Luca,21,728,1.8 km solo,19 °C
455,coppa-bernocchi/2022,https://www.procyclingstats.com/race/coppa-bernocchi/2022,03-Oct-22,11:00,44.346 km/h,ME - Men Elite,190.7 km,1.PRO,UCI.WR.Pro,,84,2087,Legnano,Legnano,47,405,Sprint of large group,22 °C
456,munsterland-giro/2022,https://www.procyclingstats.com/race/munsterland-giro/2022,03-Oct-22,12:25,44.666 km/h,ME - Men Elite,205.9 km,1.PRO,UCI.WR.Pro,,5,842,Telgte,Münster,108,225,Sprint of large group,16 °C
457,tre-valli-varesine/2022,https://www.procyclingstats.com/race/tre-valli-varesine/2022,04-Oct-22,12:00,42.522 km/h,ME - Men Elite,196.3 km,1.PRO,UCI.WR.Pro,,152,3464,Busto Arsizio,Varese,10,922,Sprint of small group,20 °C
458,gran-piemonte/2022,https://www.procyclingstats.com/race/gran-piemonte/2022,06-Oct-22,11:45,45.39 km/h,ME - Men Elite,198 km,1.PRO,UCI.WR.Pro,,44,1426,Omegna,Beinasco,46,424,Sprint of small group,22 °C
459,paris-tours/2022,https://www.procyclingstats.com/race/paris-tours/2022,09-Oct-22,11:55,43.718 km/h,ME - Men Elite,213.5 km,1.PRO,UCI.WR.Pro,,33,1242,Chartres,Tours,33,579,Sprint of large group,19 °C
461,japan-cup/2022,https://www.procyclingstats.com/race/japan-cup/2022,16-Oct-22,10:00  (03:00 CET),39.721 km/h,ME - Men Elite,144.2 km,1.PRO,UCI.WR.Pro,,127,2530,Utsunomiya,Utsunomiya,152,109,7.4 km solo,
